<?xml version="1.0" encoding="UTF-8"?><railml xmlns="https://www.railml.org/schemas/2018" xmlns:nor="http://www.jernbanedirektoratet.no/railml" xmlns:xsi="http://www.w3.org/2001/XMLSchema-instance" version="2.4" xsi:schemaLocation="https://www.railml.org/schemas/2018 https://schemas.railml.org/2018/railML-2.4/schema/railML.xsd http://www.jernbanedirektoratet.no/railml https://www.jernbanedirektoratet.no/globalassets/documenter/railml/norExtension.xsd">
  <metadata xmlns:dc="http://purl.org/dc/elements/1.1/">
    <dc:date>2024-04-18T12:22:12.586Z</dc:date>
    <dc:source>railOscope https://railoscope.com</dc:source>
    <dc:source>Simplest Example rev247</dc:source>
    <dc:source>infrastructureVisualization: For id="vis0" used coordinate system ortho: y-axis vertical from bottom to top, x-axis horizontal from left to right</dc:source>
    <dc:language>no-NO</dc:language>
    <dc:relation>norExtension.xsd_5.4</dc:relation>
    <dc:source>https://railoscope.com/workspace/5c0e3000dc7adc0696c960e2?modelId=5c815c32137e0f14761f0ba8&amp;revision=247</dc:source>
    <!--Browsable url: https://railoscope.com/workspace/5c0e3000dc7adc0696c960e2?modelId=5c815c32137e0f14761f0ba8&revision=247 -->
    <dc:creator>Vivian Augele, Torben Brand, Thomas Nygreen, Janne Moller</dc:creator>
    <organizationalUnits>
      <infrastructureManager code="BN" id="id102" name="Bane NOR"/>
    </organizationalUnits>
  </metadata>
  <infrastructure description="/*This is railML2.4nor Simplest example. Shared according to CC BY 4.0 DEED[431.0,-663.0]*/" id="inf0" name="Simplest Example">
    <nor:projects>
      <nor:project id="pr6921e524-bf24-145f-f9b3-8428457225c9" name="&quot;Bruse&quot; brigde">
        <nor:alternative description="Axcle load increase according to concept A2" id="pra8b26d91f-791b-16f0-b980-da5ff7ee80e8" name="Brigde improvement"/>
        <nor:phase id="prp6473936e-7fc0-996f-e56e-0db99c3020ca" name="As built" regulationPhase="built" startDate="2020-10-01"/>
      </nor:project>
    </nor:projects>
    <nor:routes>
      <nor:route approachPointRef="id13" approachSpeed="100" code="[BD code?]" conditional="ocpManned" description="naming rule:[entry signal name]&quot;-&quot;[exit signal name]" entryRef="id11" exitRef="id46" id="id76" name="OSL A101---OSL L201" nor:change="new" overlapEndRef="sw27" overlapValidityTime="PT40S" proceedSpeed="60" releaseSpeed="20" releaseTriggerHead="false" releaseTriggerRef="id16">
        <nor:switchAndPosition switchPosition="straight" switchRef="sw41"/>
        <nor:releaseGroup>
          <nor:trackSectionRef ref="ar87"/>
        </nor:releaseGroup>
        <nor:releaseGroup>
          <nor:trackSectionRef ref="ar92"/>
        </nor:releaseGroup>
        <nor:states>
          <state disabled="false" status="conceptual"/>
        </nor:states>
      </nor:route>
      <nor:route entryRef="id103" exitRef="id46" id="id104" name="R21---OSL L201"/>
    </nor:routes>
    <nor:areas>
      <nor:area id="ar87" name="1" type="trackSection">
        <nor:isLimitedBy ref="id15"/>
        <nor:isLimitedBy ref="id16"/>
        <nor:isLimitedBy ref="id71"/>
      </nor:area>
      <nor:area id="ar92" name="01" nor:controllerRef="id5" type="trackSection">
        <nor:isLimitedBy ref="id16"/>
        <nor:isLimitedBy ref="id91"/>
      </nor:area>
      <nor:area id="ar101" name="Project new bridge &quot;Bruse&quot;" type="project">
        <nor:isLimitedBy ref="id99"/>
        <nor:isLimitedBy ref="id100"/>
        <nor:states>
          <state disabled="false" nor:projectRef="pr6921e524-bf24-145f-f9b3-8428457225c9" status="conceptual"/>
        </nor:states>
      </nor:area>
    </nor:areas>
    <tracks>
      <track code="KO-SPO-800681" description="naming rule: [arabic numbers]" id="tr1" mainDir="none" name="01" type="mainTrack">
        <states>
          <state disabled="false" status="operational"/>
        </states>
        <trackTopology>
          <trackBegin absPos="2000.0" id="id1" pos="0.0">
            <openEnd id="oe1"/>
          </trackBegin>
          <trackEnd absPos="2100.0" id="id67" pos="100.0">
            <connection id="c67" ref="c68"/>
          </trackEnd>
        </trackTopology>
        <trackElements>
          <speedChanges>
            <speedChange absPos="2000.0" dir="up" etcsTrainCategory="5" id="id54a" pos="0.0" profileRef="spprf1" vMax="60.0">
              <states>
                <state disabled="false" status="conceptual"/>
              </states>
            </speedChange>
          </speedChanges>
          <gradientChanges>
            <gradientChange absPos="2000.0" id="id56" pos="0.0" slope="0.0">
              <states>
                <state disabled="false" status="conceptual"/>
              </states>
            </gradientChange>
          </gradientChanges>
          <trainProtectionChanges>
            <trainProtectionChange absPos="2000.0" dir="up" id="id86" nor:trainProtectionType="none" pos="0.0"/>
          </trainProtectionChanges>
          <electrificationChanges>
            <electrificationChange absPos="2000.0" id="id85" pos="0.0" type="none"/>
          </electrificationChanges>
        </trackElements>
        <ocsElements>
          <signals>
            <signal absPos="2100.0" code="SA-SIG-804897" controllerRef="id5" description="naming rule: [signal letter]+[signal number]" dir="up" function="home" id="id11" name="A101" nor:change="new" nor:lamps="3" nor:mounted="pole" nor:side="right" ocpStationRef="id4" pos="100.0" ruleCode="NOR:TJN:§8-10" sight="50.0" switchable="true" type="main" virtual="false">
              <states>
                <state disabled="false" status="planned"/>
              </states>
            </signal>
          </signals>
          <trainDetectionElements>
            <trainDetector absPos="2100.0" code="SA-TEL-823091" controllerRef="id5" id="id15" name="Tp(376/378)" nor:change="modified" pos="100.0">
              <states>
                <state disabled="true" status="closed"/>
              </states>
            </trainDetector>
          </trainDetectionElements>
          <balises>
            <balise absPos="2020.0" dir="up" id="id13-P" name="P" pos="20.0">
              <states>
                <state disabled="true" status="operational"/>
              </states>
            </balise>
            <balise absPos="2020.0" dir="up" id="id13-A" name="A" pos="20.0">
              <states>
                <state disabled="true" status="operational"/>
              </states>
            </balise>
            <balise absPos="2020.0" dir="up" id="id13-B" name="B" pos="20.0">
              <states>
                <state disabled="true" status="operational"/>
              </states>
            </balise>
            <balise absPos="2020.0" dir="up" id="id13-C" name="C" pos="20.0">
              <states>
                <state disabled="true" status="operational"/>
              </states>
            </balise>
            <baliseGroup code="SA-ATC-845613" description="Naming rule: [signal name]" id="id13" name="A101" nor:change="removed" nor:switchable="true" type="other:norFF">
              <baliseRef ref="id13-P" sequence="1"/>
              <baliseRef ref="id13-A" sequence="2"/>
              <baliseRef ref="id13-B" sequence="3"/>
              <baliseRef ref="id13-C" sequence="4"/>
            </baliseGroup>
          </balises>
        </ocsElements>
      </track>
      <track code="KO-SPO-800683" description="naming rule: [arabic numbers]" id="tr26" mainDir="none" name="1" type="mainTrack">
        <states>
          <state disabled="false" status="operational"/>
        </states>
        <trackTopology>
          <trackBegin absPos="2800.0" id="id26" pos="0.0">
            <connection id="c27-25" ref="c25"/>
          </trackBegin>
          <trackEnd absPos="3000.0" id="id2" pos="180.0">
            <openEnd id="oe2"/>
          </trackEnd>
          <mileageChanges>
            <mileageChange absPos="2970.0" absPosIn="2950.0" code="KO-KJE-800025" id="id65" pos="150.0" type="missing"/>
          </mileageChanges>
          <connections>
            <crossing absPos="2800.0" code="KO-SPV-803681" controllerRef="id5" description="Naming rule: [number/number]" id="sw27" length="27.0" name="50/52" nor:change="new" nor:clearance="50.0" nor:remoteIndicated="true" nor:remoteOperated="true" normalPosition="straight" pos="0.0" trackContinueCourse="straight" type="doubleSwitchCrossing">
              <states>
                <state disabled="false" status="planned"/>
              </states>
              <connection course="left" id="c27-32" maxSpeed="30.0" orientation="outgoing" passable="true" ref="c32"/>
              <connection course="right" id="c27-36" maxSpeed="30.0" orientation="incoming" passable="true" ref="c36"/>
            </crossing>
          </connections>
        </trackTopology>
        <trackElements>
          <speedChanges>
            <speedChange absPos="2830.0" code="KO-HAS-800373" description="desc" dir="up" etcsTrainCategory="6" id="id23b" pos="30.0" profileRef="spprf2" vMax="end">
              <states>
                <state disabled="false" status="operational"/>
              </states>
            </speedChange>
            <speedChange absPos="3000.0" dir="down" etcsTrainCategory="5" id="id55a" pos="180.0" profileRef="spprf1" vMax="100.0">
              <states>
                <state disabled="false" status="conceptual"/>
              </states>
            </speedChange>
          </speedChanges>
          <gradientChanges>
            <gradientChange absPos="2850.0" description="desc" id="id20" pos="50.0" slope="15.0">
              <states>
                <state disabled="false" status="operational"/>
              </states>
            </gradientChange>
          </gradientChanges>
          <tunnels>
            <tunnel absPos="2850.0" code="KU-TUN-873405" crossSection="45.0" description="desc" id="id17" length="100.0" name="Oslotunnelen" nor:change="modified" nor:resistanceFactorA="15.0" pos="50.0">
              <states>
                <state disabled="false" status="operational"/>
              </states>
            </tunnel>
          </tunnels>
          <trainProtectionChanges>
            <trainProtectionChange absPos="2900.0" description="desc" dir="up" id="id21" nor:trainProtectionType="F-ATC" pos="100.0">
              <states>
                <state disabled="false" status="operational"/>
              </states>
            </trainProtectionChange>
            <trainProtectionChange absPos="3000.0" dir="down" id="id95" nor:trainProtectionType="ETCS-L2" pos="180.0"/>
          </trainProtectionChanges>
        </trackElements>
        <ocsElements>
          <signals>
            <signal absPos="2900.0" code="KO-SKT-800934" description="Naming rule: [just value where applicable, no name]" dir="up" id="id14" nor:mounted="pole" pos="100.0" ruleCode="NOR:TJN:60F" switchable="false">
              <states>
                <state disabled="true" status="disabled"/>
              </states>
            </signal>
          </signals>
        </ocsElements>
      </track>
      <track code="KO-SPO-800685" description="naming rule: [arabic numbers]" id="tr32" mainDir="none" name="3" type="sidingTrack">
        <states>
          <state disabled="false" status="planned"/>
        </states>
        <trackTopology>
          <trackBegin absPos="2800.0" id="id32" pos="0.0">
            <connection id="c32" ref="c27-32"/>
          </trackBegin>
          <trackEnd absPos="2850.0" id="id33" pos="50.0">
            <bufferStop code="KO-SST-800256" description="Naming rule: [track name]" id="id73" name="1"/>
          </trackEnd>
        </trackTopology>
        <trackElements>
          <speedChanges>
            <speedChange absPos="2850.0" dir="down" etcsTrainCategory="5" id="id74a" pos="50.0" profileRef="spprf1" vMax="40.0"/>
          </speedChanges>
          <radiusChanges>
            <radiusChange absPos="2835.0" code="KO-HOT-874132" description="rad1" id="id38" pos="35.0" radius="1200.0">
              <states>
                <state disabled="false" status="planned"/>
              </states>
            </radiusChange>
          </radiusChanges>
          <trainProtectionChanges>
            <trainProtectionChange absPos="2850.0" dir="down" id="id96" nor:trainProtectionType="ETCS-L2" pos="50.0"/>
          </trainProtectionChanges>
        </trackElements>
      </track>
      <track code="KO-SPO-800683" description="naming rule: [arabic numbers]" id="tr40" mainDir="none" name="1" type="mainTrack">
        <states>
          <state disabled="false" status="operational"/>
        </states>
        <trackTopology>
          <trackBegin absPos="2200.0" id="id40" pos="0.0">
            <connection id="c41-39" ref="c39"/>
          </trackBegin>
          <trackEnd absPos="2800.0" id="id25" pos="600.0">
            <connection id="c25" ref="c27-25"/>
          </trackEnd>
          <connections>
            <switch absPos="2200.0" code="KO-SPV-803680" controllerRef="id5" description="Naming rule: [Arabic number]" id="sw41" length="43.0" name="1" nor:change="new" nor:clearance="50.0" nor:lockRef="id10" nor:remoteIndicated="true" nor:remoteOperated="true" normalPosition="straight" pos="0.0" trackContinueCourse="straight">
              <geoCoord coord="59.12 10.12"/>
              <states>
                <state disabled="false" status="operational"/>
              </states>
              <connection course="right" id="c41-43" maxSpeed="50.0" orientation="outgoing" passable="true" ref="c43"/>
            </switch>
          </connections>
          <crossSections>
            <crossSection absPos="2500.0" code="8750-85435" description="Naming rule: [track name]" id="id6" ocpRef="id4" pos="300.0">
              <states>
                <state disabled="false" status="operational"/>
              </states>
            </crossSection>
          </crossSections>
        </trackTopology>
        <trackElements>
          <speedChanges>
            <speedChange absPos="2650.0" code="KO-HAS-800372" description="desc" dir="up" etcsTrainCategory="5" id="id19a" pos="450.0" profileRef="spprf1" vMax="100.0">
              <states>
                <state disabled="false" status="operational"/>
              </states>
            </speedChange>
            <speedChange absPos="2650.0" code="KO-HAS-800372" description="desc" dir="up" etcsTrainCategory="6" id="id19b" pos="450.0" profileRef="spprf2" vMax="105.0">
              <states>
                <state disabled="false" status="operational"/>
              </states>
            </speedChange>
          </speedChanges>
          <levelCrossings>
            <levelCrossing absPos="2750.0" code="KO-PLO-809435" controllerRef="id5" description="naming rule: location name" id="id18" length="20.0" name="Rakkestad" nor:roadEndPos="360.0" nor:roadStartPos="340.0" pos="550.0" protection="Ba">
              <states>
                <state disabled="true" nor:startDate="2022-12-10" status="closed"/>
              </states>
            </levelCrossing>
          </levelCrossings>
          <platformEdges>
            <platformEdge absPos="2450.0" code="KO-PLF-807354" description="desc" height="760.0" id="id7" length="200.0" name="Test" nor:change="modified" ocpRef="id4" pos="250.0" side="left">
              <states>
                <state disabled="false" status="operational"/>
              </states>
            </platformEdge>
          </platformEdges>
        </trackElements>
        <ocsElements>
          <signals>
            <signal absPos="2678.0" code="unknown" description="shunting signal to model shunting route" dir="up" id="id103" name="R21" nor:side="right" pos="478.0" ruleCode="NOR:TJN:§8-23" switchable="true" type="shunting"/>
            <signal absPos="2720.0" code="SA-SIG-804898" controllerRef="id5" description="naming rule: [signal letter]+[signal number]" dir="up" function="exit" id="id46" name="L201" nor:change="modified" ocpStationRef="id4" pos="520.0" ruleCode="NOR:TJN:E35b" switchable="false" type="main" virtual="true">
              <states>
                <state disabled="false" status="planned"/>
              </states>
              <etcs level_2="true"/>
            </signal>
          </signals>
          <trainDetectionElements>
            <trackCircuitBorder absPos="2250.0" code="SA-ATB-856701" controllerRef="id5" description="desc" id="id16" nor:change="new" pos="50.0">
              <states>
                <state disabled="false" status="planned"/>
              </states>
            </trackCircuitBorder>
            <trackCircuitBorder absPos="2720.0" id="id91" pos="520.0"/>
          </trainDetectionElements>
          <balises>
            <balise absPos="2350.0" dir="up" id="id24-dummy" pos="150.0">
              <states>
                <state disabled="true" nor:endDate="2023-08-10" nor:startDate="2023-07-10" status="disabled"/>
              </states>
            </balise>
            <baliseGroup code="SA-ATC-845612" description="Naming Rule: [signal name]" id="id24" name="A101" type="infill">
              <baliseRef ref="id24-dummy" sequence="1"/>
            </baliseGroup>
          </balises>
          <stopPosts>
            <stopPost absPos="2630.0" code="KO-SKT-896301" description="Naming rule: [no name]" dir="up" id="id12" nor:change="removed" ocpRef="id4" pos="430.0" trainLength="220.0" trainRelation="headOfTrain">
              <states>
                <state disabled="true" status="planned"/>
              </states>
              <validForMovements kind="passengerTrains"/>
            </stopPost>
            <stopPost absPos="2720.0" dir="up" id="id98" ocpRef="id4" pos="520.0" trainLength="470.0" trainRelation="headOfTrain" virtual="true">
              <validForMovements kind="allTrains"/>
            </stopPost>
          </stopPosts>
          <derailers>
            <derailer absPos="2220.0" code="SA-SSP-871032" derailSide="left" description="Naming rule: [roman numbers]" dir="up" id="id9" name="I" nor:change="new" nor:lockRef="id10" pos="20.0">
              <states>
                <state disabled="false" status="planned"/>
              </states>
            </derailer>
          </derailers>
          <locks>
            <lock absPos="2220.0" code="KO-SPV-803680" description="Naming rule: [roman numbers]" id="id10" name="II " nor:controllerRef="id5" nor:keyAtRef="id4" nor:lockSide="left" nor:lockType="trvA-las" pos="20.0">
              <states>
                <state disabled="false" status="other:norUnknown"/>
              </states>
            </lock>
          </locks>
        </ocsElements>
      </track>
      <track code="KO-SPO-800684" description="naming rule: [arabic numbers]" id="tr43" mainDir="none" name="2" type="secondaryTrack">
        <trackTopology>
          <trackBegin absPos="2200.0" id="id43" pos="0.0">
            <connection id="c43" ref="c41-43"/>
          </trackBegin>
          <trackEnd absPos="2800.0" id="id36" pos="600.0">
            <connection id="c36" ref="c27-36"/>
          </trackEnd>
          <borders>
            <border absPos="2425.0" id="id99" pos="225.0" type="area">
              <states>
                <state disabled="false" status="conceptual"/>
              </states>
            </border>
            <border absPos="2525.0" id="id100" pos="325.0" type="area">
              <states>
                <state disabled="false" status="conceptual"/>
              </states>
            </border>
          </borders>
        </trackTopology>
        <trackElements>
          <bridges>
            <brigde absPos="2450.0" id="id89" kind="under" length="50.0" name="Bruse" pos="250.0">
              <states>
                <state disabled="false" nor:startDate="2023-01-24" startTime="15:06:00" status="conceptual"/>
              </states>
            </brigde>
          </bridges>
          <geoMappings>
            <geoMapping id="id93" pos="100.0"/>
            <geoMapping id="id94" pos="500.0"/>
          </geoMappings>
        </trackElements>
        <ocsElements>
          <trainDetectionElements>
            <trackCircuitBorder absPos="2250.0" code="SA-ATB-856702" id="id71" pos="50.0"/>
          </trainDetectionElements>
        </ocsElements>
      </track>
      <track code="KO-SPO-800683" description="naming rule: [arabic numbers]" id="tr68" mainDir="none" name="1" type="mainTrack">
        <states>
          <state disabled="false" status="operational"/>
        </states>
        <trackTopology>
          <trackBegin absPos="2100.0" id="id68" pos="0.0">
            <connection id="c68" ref="c67"/>
          </trackBegin>
          <trackEnd absPos="2200.0" id="id39" pos="100.0">
            <connection id="c39" ref="c41-39"/>
          </trackEnd>
        </trackTopology>
        <trackElements>
          <electrificationChanges>
            <electrificationChange absPos="2120.0" code="[code from BD]" description="[no name]" id="id22" pos="20.0" type="overhead">
              <states>
                <state disabled="false" status="operational"/>
              </states>
            </electrificationChange>
          </electrificationChanges>
        </trackElements>
      </track>
    </tracks>
    <trackGroups>
      <line id="li0" name="Bergensbanen">
        <trackRef ref="tr1"/>
        <trackRef ref="tr26"/>
        <trackRef ref="tr32"/>
        <trackRef ref="tr40"/>
        <trackRef ref="tr43"/>
        <trackRef ref="tr68"/>
      </line>
      <nor:lineSection id="ls0" name="-OSL">
        <nor:trackRef ref="tr1"/>
      </nor:lineSection>
    </trackGroups>
    <operationControlPoints>
      <ocp code="8750-85435" description="desc" id="id4" name="Oslo S" nor:change="modified">
        <nor:propOperationalAdditional remoteControlled="true" simultaneousEntry="partial"/>
        <propOperational operationalType="station" trafficType="passenger"/>
        <propService bus="true" passenger="true"/>
        <propEquipment>
          <trackRef ref="tr32"/>
          <trackRef ref="tr26"/>
          <trackRef ref="tr68"/>
          <trackRef ref="tr40"/>
          <trackRef ref="tr43"/>
        </propEquipment>
        <propOther>
          <states>
            <state disabled="false" status="other:norUnknown"/>
          </states>
        </propOther>
        <geoCoord coord="59.91 10.75"/>
        <designator entry="OSL" register="SJN"/>
      </ocp>
    </operationControlPoints>
    <controllers>
      <controller code="SA-SIK-800400" description="desc" id="id5" model="NSB-77" name="OSL" nor:routeSetTime="PT5S" nor:typicalThrowTime="PT10S" technologyType="electrical">
        <states>
          <state disabled="false" status="planned"/>
        </states>
        <ocpRef ref="id4"/>
      </controller>
    </controllers>
    <speedProfiles>
      <speedProfile id="spprf1" influence="increasing" name="basis"/>
      <speedProfile id="spprf2" influence="increasing" name="nor:pluss"/>
      <speedProfile id="spprf3" influence="increasing" name="nor:krenge"/>
      <speedProfile id="spprf4" influence="decreasing" name="nor:local" verbalConstraint="SJN defined condition"/>
      <speedProfile id="spprf5" influence="decreasing" name="nor:temporary"/>
      <speedProfile id="spprf6" influence="decreasing" name="nor:conditional" verbalConstraint="SJN defined condition"/>
      <speedProfile id="spprf7" influence="decreasing" name="nor:avalanche" verbalConstraint="SJN defined condition"/>
    </speedProfiles>
  </infrastructure>
  <infrastructureVisualizations>
    <visualization id="vis0" infrastructureRef="inf0" version="2.4">
      <lineVis ref="li0">
        <trackVis ref="tr1">
          <trackElementVis ref="id1">
            <position x="370.0" y="-620.0"/>
          </trackElementVis>
          <trackElementVis ref="oe1">
            <position x="370.0" y="-620.0"/>
          </trackElementVis>
          <trackElementVis ref="id54a">
            <position x="370.0" y="-620.0"/>
          </trackElementVis>
          <trackElementVis ref="id56">
            <position x="370.0" y="-620.0"/>
          </trackElementVis>
          <trackElementVis ref="id85">
            <position x="370.0" y="-620.0"/>
          </trackElementVis>
          <trackElementVis ref="id86">
            <position x="370.0" y="-620.0"/>
          </trackElementVis>
          <trackElementVis ref="id13-P">
            <position x="374.0" y="-620.0"/>
          </trackElementVis>
          <trackElementVis ref="id13-A">
            <position x="374.0" y="-620.0"/>
          </trackElementVis>
          <trackElementVis ref="id13-B">
            <position x="374.0" y="-620.0"/>
          </trackElementVis>
          <trackElementVis ref="id13-C">
            <position x="374.0" y="-620.0"/>
          </trackElementVis>
          <trackElementVis ref="id11">
            <position x="390.0" y="-620.0"/>
          </trackElementVis>
          <trackElementVis ref="id15">
            <position x="390.0" y="-620.0"/>
          </trackElementVis>
          <trackElementVis ref="id67">
            <position x="390.0" y="-620.0"/>
          </trackElementVis>
          <trackElementVis ref="c67">
            <position x="390.0" y="-620.0"/>
          </trackElementVis>
        </trackVis>
        <trackVis ref="tr26">
          <trackElementVis ref="id26">
            <position x="530.0" y="-620.0"/>
          </trackElementVis>
          <trackElementVis ref="c27-25">
            <position x="530.0" y="-620.0"/>
          </trackElementVis>
          <trackElementVis ref="sw27">
            <position x="530.0" y="-620.0"/>
          </trackElementVis>
          <trackElementVis ref="c27-32">
            <position x="530.0" y="-620.0"/>
          </trackElementVis>
          <trackElementVis ref="c27-36">
            <position x="530.0" y="-620.0"/>
          </trackElementVis>
          <trackElementVis ref="id23b">
            <position x="536.0" y="-620.0"/>
          </trackElementVis>
          <trackElementVis ref="id17">
            <position x="540.0" y="-620.0"/>
          </trackElementVis>
          <trackElementVis ref="id20">
            <position x="540.0" y="-620.0"/>
          </trackElementVis>
          <trackElementVis ref="id14">
            <position x="550.0" y="-620.0"/>
          </trackElementVis>
          <trackElementVis ref="id21">
            <position x="550.0" y="-620.0"/>
          </trackElementVis>
          <trackElementVis ref="id65">
            <position x="560.0" y="-620.0"/>
          </trackElementVis>
          <trackElementVis ref="id55a">
            <position x="570.0" y="-620.0"/>
          </trackElementVis>
          <trackElementVis ref="id95">
            <position x="570.0" y="-620.0"/>
          </trackElementVis>
          <trackElementVis ref="id2">
            <position x="570.0" y="-620.0"/>
          </trackElementVis>
          <trackElementVis ref="oe2">
            <position x="570.0" y="-620.0"/>
          </trackElementVis>
        </trackVis>
        <trackVis ref="tr32">
          <trackElementVis ref="id32">
            <position x="530.0" y="-620.0"/>
          </trackElementVis>
          <trackElementVis ref="c32">
            <position x="530.0" y="-620.0"/>
          </trackElementVis>
          <trackElementVis ref="id38">
            <position x="544.0" y="-606.0"/>
          </trackElementVis>
          <trackElementVis ref="id74a">
            <position x="550.0" y="-600.0"/>
          </trackElementVis>
          <trackElementVis ref="id96">
            <position x="550.0" y="-600.0"/>
          </trackElementVis>
          <trackElementVis ref="id33">
            <position x="550.0" y="-600.0"/>
          </trackElementVis>
          <trackElementVis ref="id73">
            <position x="550.0" y="-600.0"/>
          </trackElementVis>
        </trackVis>
        <trackVis ref="tr40">
          <trackElementVis ref="id40">
            <position x="410.0" y="-620.0"/>
          </trackElementVis>
          <trackElementVis ref="c41-39">
            <position x="410.0" y="-620.0"/>
          </trackElementVis>
          <trackElementVis ref="sw41">
            <position x="410.0" y="-620.0"/>
          </trackElementVis>
          <trackElementVis ref="c41-43">
            <position x="410.0" y="-620.0"/>
          </trackElementVis>
          <trackElementVis ref="id9">
            <position x="414.0" y="-620.0"/>
          </trackElementVis>
          <trackElementVis ref="id10">
            <position x="414.0" y="-620.0"/>
          </trackElementVis>
          <trackElementVis ref="id16">
            <position x="420.0" y="-620.0"/>
          </trackElementVis>
          <trackElementVis ref="id24-dummy">
            <position x="440.0" y="-620.0"/>
          </trackElementVis>
          <trackElementVis ref="id7">
            <position x="460.0" y="-620.0"/>
          </trackElementVis>
          <trackElementVis ref="id6">
            <position x="470.0" y="-620.0"/>
          </trackElementVis>
          <trackElementVis ref="id12">
            <position x="496.0" y="-620.0"/>
          </trackElementVis>
          <trackElementVis ref="id19a">
            <position x="500.0" y="-620.0"/>
          </trackElementVis>
          <trackElementVis ref="id19b">
            <position x="500.0" y="-620.0"/>
          </trackElementVis>
          <trackElementVis ref="id103">
            <position x="505.6" y="-620.0"/>
          </trackElementVis>
          <trackElementVis ref="id46">
            <position x="514.0" y="-620.0"/>
          </trackElementVis>
          <trackElementVis ref="id91">
            <position x="514.0" y="-620.0"/>
          </trackElementVis>
          <trackElementVis ref="id98">
            <position x="514.0" y="-620.0"/>
          </trackElementVis>
          <trackElementVis ref="id18">
            <position x="520.0" y="-620.0"/>
          </trackElementVis>
          <trackElementVis ref="id25">
            <position x="530.0" y="-620.0"/>
          </trackElementVis>
          <trackElementVis ref="c25">
            <position x="530.0" y="-620.0"/>
          </trackElementVis>
        </trackVis>
        <trackVis ref="tr43">
          <trackElementVis ref="id43">
            <position x="410.0" y="-620.0"/>
          </trackElementVis>
          <trackElementVis ref="c43">
            <position x="410.0" y="-620.0"/>
          </trackElementVis>
          <trackElementVis ref="id71">
            <position x="411.7" y="-621.7"/>
          </trackElementVis>
          <trackElementVis ref="id93">
            <position x="430.0" y="-640.0"/>
          </trackElementVis>
          <trackElementVis ref="id99">
            <position x="460.0" y="-640.0"/>
          </trackElementVis>
          <trackElementVis ref="id89">
            <position x="463.3" y="-640.0"/>
          </trackElementVis>
          <trackElementVis ref="id100">
            <position x="473.3" y="-640.0"/>
          </trackElementVis>
          <trackElementVis ref="id94">
            <position x="510.0" y="-640.0"/>
          </trackElementVis>
          <trackElementVis ref="id36">
            <position x="530.0" y="-620.0"/>
          </trackElementVis>
          <trackElementVis ref="c36">
            <position x="530.0" y="-620.0"/>
          </trackElementVis>
        </trackVis>
        <trackVis ref="tr68">
          <trackElementVis ref="id68">
            <position x="390.0" y="-620.0"/>
          </trackElementVis>
          <trackElementVis ref="c68">
            <position x="390.0" y="-620.0"/>
          </trackElementVis>
          <trackElementVis ref="id22">
            <position x="394.0" y="-620.0"/>
          </trackElementVis>
          <trackElementVis ref="id39">
            <position x="410.0" y="-620.0"/>
          </trackElementVis>
          <trackElementVis ref="c39">
            <position x="410.0" y="-620.0"/>
          </trackElementVis>
        </trackVis>
      </lineVis>
      <ocpVis ref="id4">
        <position x="470.0" y="-590.0"/>
      </ocpVis>
      <ocpVis ref="id5">
        <position x="490.0" y="-590.0"/>
      </ocpVis>
    </visualization>
  </infrastructureVisualizations>
</railml>
