<?xml version="1.0" encoding="UTF-8"?><railml xmlns="https://www.railml.org/schemas/2018" xmlns:nor="http://www.jernbanedirektoratet.no/railml" xmlns:xsi="http://www.w3.org/2001/XMLSchema-instance" version="2.4" xsi:schemaLocation="https://www.railml.org/schemas/2018 https://schemas.railml.org/2018/railML-2.4/schema/railML.xsd http://www.jernbanedirektoratet.no/railml https://www.jernbanedirektoratet.no/globalassets/documenter/railml/norExtension.xsd">
  <metadata xmlns:dc="http://purl.org/dc/elements/1.1/">
    <dc:date>2024-04-18T12:21:58.770Z</dc:date>
    <dc:source>railOscope https://railoscope.com</dc:source>
    <dc:source>Simple Example+RTC rev117</dc:source>
    <dc:source>infrastructureVisualization: For id="vis0" used coordinate system ortho: y-axis vertical from bottom to top, x-axis horizontal from left to right</dc:source>
    <dc:language>no-NO</dc:language>
    <dc:relation>norExtension.xsd_5.4</dc:relation>
    <dc:source>https://railoscope.com/workspace/5c0e3000dc7adc0696c960e2?modelId=5c815c32137e0f14761f0bae&amp;revision=117</dc:source>
    <!--Browsable url: https://railoscope.com/workspace/5c0e3000dc7adc0696c960e2?modelId=5c815c32137e0f14761f0bae&revision=117 -->
    <dc:creator>Torben Brand, Janne Moller</dc:creator>
  </metadata>
  <infrastructure id="inf0" name="Simple Example+RTC">
    <nor:routes>
      <nor:route entryRef="id55" exitRef="id58" id="id109" name="69P2---B02">
        <nor:switchAndPosition switchPosition="straight" switchRef="sw26"/>
      </nor:route>
      <nor:route entryRef="id56" exitRef="id58" id="id110" name="69P1---B02">
        <nor:switchAndPosition switchPosition="left" switchRef="sw33"/>
        <nor:switchAndPosition switchPosition="right" switchRef="sw26"/>
      </nor:route>
      <nor:route entryRef="id57" exitRef="id53" id="id111" name="L03---69A"/>
      <nor:route entryRef="id58" exitRef="id64" id="id112" name="B02---06" proceedSpeed="80" releaseSpeed="40">
        <nor:switchAndPosition switchPosition="right" switchRef="sw18"/>
        <nor:releaseGroup>
          <nor:trackSectionRef ref="ar88"/>
          <nor:trackSectionRef ref="ar159"/>
          <nor:trackSectionRef ref="ar168"/>
        </nor:releaseGroup>
        <nor:releaseGroup>
          <nor:trackSectionRef ref="ar83"/>
        </nor:releaseGroup>
      </nor:route>
      <nor:route entryRef="id58" exitRef="id63" id="id113" name="B02---16" releaseSpeed="40">
        <nor:switchAndPosition switchPosition="straight" switchRef="sw18"/>
        <nor:releaseGroup>
          <nor:trackSectionRef ref="ar88"/>
          <nor:trackSectionRef ref="ar162"/>
          <nor:trackSectionRef ref="ar168"/>
        </nor:releaseGroup>
        <nor:releaseGroup>
          <nor:trackSectionRef ref="ar85"/>
        </nor:releaseGroup>
      </nor:route>
      <nor:route entryRef="id59" exitRef="id57" id="id114" name="05---L03">
        <nor:switchAndPosition switchPosition="right" switchRef="sw18"/>
      </nor:route>
      <nor:route entryRef="id60" exitRef="id59" id="id115" name="25---05"/>
      <nor:route entryRef="id61" exitRef="id62" id="id116" name="35---15"/>
      <nor:route entryRef="id62" exitRef="id57" id="id117" name="15---L03">
        <nor:switchAndPosition switchPosition="straight" switchRef="sw18"/>
      </nor:route>
      <nor:route approachPointRef="id75" approachSpeed="130" conditional="ocpManned" entryRef="id53" exitRef="id118" id="id120" name="69A----71" overlapEndRef="id49" overlapValidityTime="PT30S" releaseSpeed="40" releaseTriggerHead="false" releaseTriggerRef="id93">
        <nor:switchAndPosition switchPosition="straight" switchRef="sw26"/>
        <nor:releaseGroup>
          <nor:trackSectionRef ref="ar90"/>
          <nor:trackSectionRef ref="ar92"/>
        </nor:releaseGroup>
        <nor:releaseGroup>
          <nor:trackSectionRef ref="ar94"/>
        </nor:releaseGroup>
      </nor:route>
      <nor:route approachPointRef="id75" approachSpeed="130" conditional="ocpManned" entryRef="id53" exitRef="id119" id="id121" name="69A----73" overlapEndRef="id50" overlapValidityTime="PT30S" proceedSpeed="80" releaseSpeed="40" releaseTriggerHead="false" releaseTriggerRef="id95">
        <nor:switchAndPosition switchPosition="right" switchRef="sw26"/>
        <nor:switchAndPosition switchPosition="left" switchRef="sw33"/>
        <nor:releaseGroup>
          <nor:trackSectionRef ref="ar90"/>
          <nor:trackSectionRef ref="ar92"/>
          <nor:trackSectionRef ref="ar135"/>
        </nor:releaseGroup>
        <nor:releaseGroup>
          <nor:trackSectionRef ref="ar96"/>
        </nor:releaseGroup>
      </nor:route>
    </nor:routes>
    <nor:areas>
      <nor:area id="ar83" name="01" type="trackSection">
        <nor:isLimitedBy ref="id48"/>
        <nor:isLimitedBy ref="id81"/>
      </nor:area>
      <nor:area id="ar85" name="02" type="trackSection">
        <nor:isLimitedBy ref="id47"/>
        <nor:isLimitedBy ref="id84"/>
      </nor:area>
      <nor:area id="ar88" name="B" type="trackSection">
        <nor:isLimitedBy ref="id86"/>
        <nor:isLimitedBy ref="id87"/>
      </nor:area>
      <nor:area id="ar90" name="A" type="trackSection">
        <nor:isLimitedBy ref="id89"/>
        <nor:isLimitedBy ref="id91"/>
      </nor:area>
      <nor:area id="ar92" name="3" type="trackSection">
        <nor:isLimitedBy ref="id91"/>
        <nor:isLimitedBy ref="id93"/>
        <nor:isLimitedBy ref="id134"/>
      </nor:area>
      <nor:area id="ar94" name="02" type="trackSection">
        <nor:isLimitedBy ref="id49"/>
        <nor:isLimitedBy ref="id93"/>
      </nor:area>
      <nor:area id="ar96" name="01" type="trackSection">
        <nor:isLimitedBy ref="id50"/>
        <nor:isLimitedBy ref="id95"/>
      </nor:area>
      <nor:area id="ar98" name="03" type="trackSection">
        <nor:isLimitedBy ref="oe29"/>
        <nor:isLimitedBy ref="id97"/>
      </nor:area>
      <nor:area id="ar135" name="4" type="trackSection">
        <nor:isLimitedBy ref="id95"/>
        <nor:isLimitedBy ref="id97"/>
        <nor:isLimitedBy ref="id134"/>
        <nor:isLimitedBy ref="id151"/>
      </nor:area>
      <nor:area id="ar152" name="04" type="trackSection">
        <nor:isLimitedBy ref="id150"/>
        <nor:isLimitedBy ref="id151"/>
      </nor:area>
      <nor:area id="ar159" name="001" type="trackSection">
        <nor:isLimitedBy ref="id81"/>
        <nor:isLimitedBy ref="id158"/>
      </nor:area>
      <nor:area id="ar162" name="002" type="trackSection">
        <nor:isLimitedBy ref="id84"/>
        <nor:isLimitedBy ref="id160"/>
      </nor:area>
      <nor:area id="ar168" name="2" type="trackSection">
        <nor:isLimitedBy ref="id86"/>
        <nor:isLimitedBy ref="id158"/>
        <nor:isLimitedBy ref="id160"/>
      </nor:area>
    </nor:areas>
    <tracks>
      <track id="tr1" mainDir="none" name="2" type="mainTrack">
        <trackTopology>
          <trackBegin absPos="0.0" id="id1" pos="0.0">
            <bufferStop id="id47"/>
          </trackBegin>
          <trackEnd id="id16" pos="550.0">
            <connection id="c16" ref="c18-16"/>
          </trackEnd>
          <crossSections>
            <crossSection absPos="200.0" id="id40" ocpRef="id35" pos="200.0"/>
          </crossSections>
        </trackTopology>
        <trackElements>
          <speedChanges>
            <speedChange absPos="0.0" dir="up" etcsTrainCategory="5" id="id101a" pos="0.0" profileRef="spprf1" vMax="40.0"/>
          </speedChanges>
          <gradientChanges>
            <gradientChange absPos="0.0" id="id122" pos="0.0" slope="0.0"/>
          </gradientChanges>
          <trainProtectionChanges>
            <trainProtectionChange absPos="0.0" dir="up" id="id124" nor:trainProtectionType="ETCS-L2" pos="0.0"/>
          </trainProtectionChanges>
          <electrificationChanges>
            <electrificationChange absPos="0.0" id="id128" pos="0.0" type="overhead"/>
          </electrificationChanges>
          <platformEdges>
            <platformEdge absPos="120.0" height="760.0" id="id43" length="250.0" ocpRef="id35" pos="120.0" side="right"/>
          </platformEdges>
        </trackElements>
        <ocsElements>
          <signals>
            <signal absPos="0.0" code="SA-SIG-005441" controllerRef="id37" dir="down" function="other:end" id="id63" name="16" ocpStationRef="id35" pos="0.0" ruleCode="NOR:TJN:E35e" switchable="false" type="main" virtual="true">
              <etcs level_2="true"/>
            </signal>
            <signal absPos="450.0" code="SA-SIG-005444" controllerRef="id37" dir="up" function="intermediate" id="id61" name="35" ocpStationRef="id35" pos="450.0" switchable="false" type="main">
              <etcs level_2="true"/>
            </signal>
            <signal absPos="500.0" code="SA-SIG-005446" controllerRef="id37" dir="up" function="intermediate" id="id62" name="15" ocpStationRef="id35" pos="500.0" switchable="false" type="main">
              <etcs level_2="true"/>
            </signal>
          </signals>
          <trainDetectionElements>
            <trainDetector absPos="450.0" id="id84" pos="450.0"/>
            <trackCircuitBorder absPos="500.0" id="id160" pos="500.0"/>
          </trainDetectionElements>
          <stopPosts>
            <stopPost absPos="140.0" code="KO-SKT-005447" dir="down" id="id67" ocpRef="id35" pos="140.0" trainLength="220.0">
              <validForMovements kind="passengerTrains"/>
            </stopPost>
            <stopPost absPos="360.0" code="KO-SKT-005446" dir="up" id="id70" ocpRef="id35" pos="360.0" trainLength="220.0" trainRelation="headOfTrain">
              <validForMovements kind="passengerTrains"/>
            </stopPost>
          </stopPosts>
        </ocsElements>
      </track>
      <track id="tr5" mainDir="none" name="H" type="mainTrack">
        <trackTopology>
          <trackBegin id="id5" pos="0.0">
            <connection id="c5" ref="c4"/>
          </trackBegin>
          <trackEnd id="id8" pos="3300.0">
            <connection id="c8" ref="c9"/>
          </trackEnd>
          <mileageChanges>
            <mileageChange absPos="2850.0" absPosIn="2800.0" id="id132" pos="1850.0" type="missing"/>
          </mileageChanges>
        </trackTopology>
        <trackElements>
          <speedChanges>
            <speedChange absPos="1390.0" dir="up" id="id139e" pos="440.0" profileRef="spprf5" vMax="40.0">
              <states>
                <state disabled="false" nor:endDate="2019-04-01" nor:startDate="2019-01-01" status="planned"/>
              </states>
            </speedChange>
            <speedChange absPos="1520.0" dir="up" id="id140e" pos="570.0" profileRef="spprf5" vMax="end">
              <states>
                <state disabled="false" nor:endDate="2019-04-01" nor:startDate="2019-01-01" status="planned"/>
              </states>
            </speedChange>
            <speedChange absPos="2400.0" dir="up" etcsTrainCategory="5" id="id103a" pos="1450.0" profileRef="spprf1" vMax="20.0"/>
            <speedChange absPos="2400.0" dir="up" etcsTrainCategory="6" id="id103b" pos="1450.0" profileRef="spprf2" vMax="end"/>
            <speedChange absPos="2400.0" dir="up" etcsTrainCategory="13" id="id103c" pos="1450.0" profileRef="spprf3" vMax="end"/>
            <speedChange absPos="2550.0" dir="up" etcsTrainCategory="5" id="id104a" pos="1600.0" profileRef="spprf1" vMax="80.0"/>
            <speedChange absPos="3350.0" dir="down" id="id142g" pos="2350.0" profileRef="spprf7" signalised="false" vMax="end"/>
            <speedChange absPos="3520.0" dir="down" id="id141g" pos="2520.0" profileRef="spprf7" signalised="false" vMax="50.0"/>
            <speedChange absPos="3850.0" dir="up" id="id143f" pos="2850.0" profileRef="spprf6" signalised="false" vMax="60.0"/>
            <speedChange absPos="4050.0" dir="up" id="id144f" pos="3050.0" profileRef="spprf6" signalised="false" vMax="end"/>
          </speedChanges>
          <gradientChanges>
            <gradientChange absPos="3821.0" id="id170" pos="2821.0" slope="2.0"/>
          </gradientChanges>
          <tunnels>
            <tunnel absPos="2850.0" id="id99" length="230.0" name="Testtunnelen" nor:resistanceFactorA="11.0" pos="1850.0"/>
          </tunnels>
          <bridges>
            <brigde absPos="1420.0" id="id138" kind="under" length="100.0" name="Bruse" pos="470.0"/>
          </bridges>
          <levelCrossings>
            <levelCrossing absPos="2500.0" id="id80" length="20.0" nor:roadEndPos="610.0" nor:roadStartPos="590.0" pos="1550.0" protection="Ba"/>
          </levelCrossings>
          <trainProtectionChanges>
            <trainProtectionChange absPos="1900.0" dir="up" id="id126" nor:trainProtectionType="D-ATC" pos="950.0"/>
          </trainProtectionChanges>
        </trackElements>
        <ocsElements>
          <signals>
            <signal absPos="950.0" code="SA-SIG-005448" controllerRef="id37" dir="up" function="exit" id="id57" name="L03" ocpStationRef="id35" pos="0.0" switchable="false" type="main">
              <etcs level_2="true"/>
            </signal>
            <signal absPos="950.0" code="SA-SIG-005447" controllerRef="id37" dir="down" function="home" id="id58" name="B02" ocpStationRef="id35" pos="0.0" switchable="false" type="main">
              <etcs level_2="true"/>
            </signal>
            <signal absPos="1050.0" code="KO-SKT-005444" controllerRef="id37" dir="down" id="id65" ocpStationRef="id35" pos="100.0" ruleCode="NOR:TJN:E37" switchable="false"/>
            <signal absPos="1900.0" code="KO-SKT-005443" dir="up" id="id66" pos="950.0" ruleCode="NOR:TJN:60G" switchable="false"/>
            <signal absPos="2492.0" code="SA-SIG-005450" dir="up" id="id136" name="V1" nor:lamps="2" nor:mounted="pole" nor:side="right" pos="1542.0" ruleCode="NOR:TJN:§8-28" switchable="true" type="other:supervision">
              <levelCrossing type="supervision"/>
            </signal>
            <signal absPos="2510.0" code="SA-SIG-005451" dir="down" id="id137" name="V2" nor:lamps="2" nor:mounted="pole" nor:side="left" pos="1560.0" ruleCode="NOR:TJN:§8-28" switchable="true" type="other:supervision">
              <levelCrossing type="supervision"/>
            </signal>
            <signal absPos="3600.0" code="SA-SIG-005452" controllerRef="id38" dir="up" id="id75" name="69Va" ocpStationRef="id36" pos="2600.0" ruleCode="NOR:TJN:§8-14" switchable="true" type="distant"/>
          </signals>
          <trainDetectionElements>
            <trainDetector absPos="950.0" id="id87" pos="0.0"/>
          </trainDetectionElements>
          <balises>
            <balise absPos="3600.0" dir="up" id="id76-dummy" pos="2600.0"/>
            <baliseGroup id="id76" type="signal">
              <baliseRef ref="id76-dummy" sequence="1"/>
            </baliseGroup>
          </balises>
        </ocsElements>
      </track>
      <track id="tr9" mainDir="none" name="2" type="mainTrack">
        <trackTopology>
          <trackBegin id="id9" pos="0.0">
            <connection id="c9" ref="c8"/>
          </trackBegin>
          <trackEnd absPos="4500.0" id="id24" pos="200.0">
            <connection id="c24" ref="c26-24"/>
          </trackEnd>
        </trackTopology>
        <trackElements>
          <speedChanges>
            <speedChange absPos="4400.0" dir="down" etcsTrainCategory="5" id="id105a" pos="100.0" profileRef="spprf1" vMax="80.0"/>
            <speedChange absPos="4400.0" dir="down" id="id105d" pos="100.0" profileRef="spprf4" signalised="false" vMax="end"/>
          </speedChanges>
        </trackElements>
        <ocsElements>
          <signals>
            <signal absPos="4300.0" code="SA-SIG-005453" controllerRef="id38" dir="up" function="home" id="id53" name="69A" ocpStationRef="id36" pos="0.0" ruleCode="NOR:TJN:§8-10+14" switchable="true" type="combined"/>
          </signals>
          <trainDetectionElements>
            <trackCircuitBorder absPos="4300.0" id="id89" pos="0.0"/>
            <trackCircuitBorder absPos="4495.0" id="id91" pos="195.0"/>
          </trainDetectionElements>
          <balises>
            <balise absPos="4300.0" dir="up" id="id77-A" name="A" pos="0.0"/>
            <balise absPos="4300.0" dir="up" id="id77-B" name="B" pos="0.0"/>
            <baliseGroup id="id77" type="signal">
              <baliseRef ref="id77-A" sequence="1"/>
              <baliseRef ref="id77-B" sequence="2"/>
            </baliseGroup>
          </balises>
        </ocsElements>
      </track>
      <track id="tr14" mainDir="none" name="1" type="secondaryTrack">
        <trackTopology>
          <trackBegin absPos="0.0" id="id14" pos="0.0">
            <bufferStop id="id48"/>
          </trackBegin>
          <trackEnd id="id13" pos="550.0">
            <connection id="c13" ref="c18-13"/>
          </trackEnd>
          <crossSections>
            <crossSection absPos="200.0" id="id39" ocpRef="id35" pos="200.0"/>
          </crossSections>
        </trackTopology>
        <trackElements>
          <speedChanges>
            <speedChange absPos="0.0" dir="up" etcsTrainCategory="5" id="id100a" pos="0.0" profileRef="spprf1" vMax="40.0"/>
          </speedChanges>
          <gradientChanges>
            <gradientChange absPos="0.0" id="id123" pos="0.0" slope="0.0"/>
          </gradientChanges>
          <trainProtectionChanges>
            <trainProtectionChange absPos="0.0" dir="up" id="id125" nor:trainProtectionType="ETCS-L2" pos="0.0"/>
          </trainProtectionChanges>
          <electrificationChanges>
            <electrificationChange absPos="0.0" id="id127" pos="0.0" type="overhead"/>
          </electrificationChanges>
          <geoMappings>
            <geoMapping id="id129" pos="450.0"/>
          </geoMappings>
          <platformEdges>
            <platformEdge absPos="150.0" height="760.0" id="id44" length="150.0" ocpRef="id35" pos="150.0" side="right"/>
          </platformEdges>
        </trackElements>
        <ocsElements>
          <signals>
            <signal absPos="0.0" code="SA-SIG-005442" controllerRef="id37" dir="down" function="other:end" id="id64" name="06" ocpStationRef="id35" pos="0.0" ruleCode="NOR:TJN:E35e" switchable="false" type="main" virtual="true">
              <etcs level_2="true"/>
            </signal>
            <signal absPos="450.0" code="SA-SIG-005443" controllerRef="id37" dir="up" function="intermediate" id="id60" name="25" ocpStationRef="id35" pos="450.0" switchable="false" type="main">
              <etcs level_2="true"/>
            </signal>
            <signal absPos="500.0" code="SA-SIG-005445" controllerRef="id37" dir="up" function="intermediate" id="id59" name="05" ocpStationRef="id35" pos="500.0" switchable="false" type="main">
              <etcs level_2="true"/>
            </signal>
          </signals>
          <trainDetectionElements>
            <trainDetector absPos="450.0" id="id81" pos="450.0"/>
            <trainDetector absPos="500.0" id="id158" pos="500.0"/>
          </trainDetectionElements>
          <stopPosts>
            <stopPost absPos="160.0" code="KO-SKT-005448" dir="down" id="id69" ocpRef="id35" pos="160.0" trainLength="110.0">
              <validForMovements kind="passengerTrains"/>
            </stopPost>
            <stopPost absPos="290.0" code="KO-SKT-005445" description="this is a description/*Should be corrected to only valid for passenger trains[478.0,-500.0]*/" dir="up" id="id68" ocpRef="id35" pos="290.0" trainLength="110.0" trainRelation="headOfTrain">
              <validForMovements kind="allTrains"/>
            </stopPost>
          </stopPosts>
        </ocsElements>
      </track>
      <track id="tr17" mainDir="none" name="2" type="mainTrack">
        <trackTopology>
          <trackBegin id="id17" pos="0.0">
            <connection id="c18-16" ref="c16"/>
          </trackBegin>
          <trackEnd absPos="950.0" id="id4" pos="400.0">
            <connection id="c4" ref="c5"/>
          </trackEnd>
          <connections>
            <switch controllerRef="id37" id="sw18" name="2" nor:clearance="45.0" nor:remoteIndicated="true" nor:remoteOperated="true" normalPosition="right" pos="0.0" trackContinueCourse="straight">
              <connection course="right" id="c18-13" maxSpeed="40.0" orientation="incoming" passable="true" ref="c13"/>
            </switch>
          </connections>
        </trackTopology>
        <trackElements>
          <speedChanges>
            <speedChange absPos="800.0" dir="up" etcsTrainCategory="5" id="id102a" pos="250.0" profileRef="spprf1" vMax="80.0"/>
            <speedChange absPos="800.0" dir="up" etcsTrainCategory="6" id="id102b" pos="250.0" profileRef="spprf2" vMax="90.0"/>
            <speedChange absPos="800.0" dir="up" etcsTrainCategory="13" id="id102c" pos="250.0" profileRef="spprf3" vMax="100.0"/>
          </speedChanges>
        </trackElements>
        <ocsElements>
          <trainDetectionElements>
            <trainDetector absPos="555.0" id="id86" pos="5.0"/>
          </trainDetectionElements>
        </ocsElements>
      </track>
      <track id="tr21" mainDir="none" name="1" type="secondaryTrack">
        <trackTopology>
          <trackBegin absPos="4500.0" id="id21" pos="0.0">
            <connection id="c21" ref="c26-21"/>
          </trackBegin>
          <trackEnd absPos="4600.0" id="id31" pos="100.0">
            <connection id="c31" ref="c33-31"/>
          </trackEnd>
        </trackTopology>
        <ocsElements>
          <trainDetectionElements>
            <trackCircuitBorder absPos="4550.0" id="id134" pos="50.0"/>
          </trainDetectionElements>
        </ocsElements>
      </track>
      <track id="tr25" mainDir="none" name="2" type="mainTrack">
        <trackTopology>
          <trackBegin absPos="4500.0" id="id25" pos="0.0">
            <connection id="c26-24" ref="c24"/>
          </trackBegin>
          <trackEnd id="id2" pos="700.0">
            <bufferStop id="id49"/>
          </trackEnd>
          <connections>
            <switch absPos="4500.0" controllerRef="id38" id="sw26" name="3" nor:clearance="45.0" nor:remoteIndicated="true" nor:remoteOperated="true" normalPosition="straight" pos="0.0" trackContinueCourse="straight">
              <connection course="right" id="c26-21" maxSpeed="40.0" orientation="outgoing" passable="true" ref="c21"/>
            </switch>
          </connections>
          <crossSections>
            <crossSection absPos="4850.0" id="id42" ocpRef="id36" pos="350.0"/>
          </crossSections>
        </trackTopology>
        <trackElements>
          <speedChanges>
            <speedChange absPos="5200.0" dir="down" id="id106d" pos="700.0" profileRef="spprf4" signalised="false" vMax="40.0"/>
          </speedChanges>
          <trainProtectionChanges>
            <trainProtectionChange absPos="5200.0" dir="down" id="id163" nor:trainProtectionType="D-ATC" pos="700.0"/>
          </trainProtectionChanges>
          <platformEdges>
            <platformEdge absPos="4800.0" height="760.0" id="id45" length="250.0" ocpRef="id36" pos="300.0" side="left"/>
          </platformEdges>
        </trackElements>
        <ocsElements>
          <signals>
            <signal absPos="4600.0" code="SA-SIG-005454" controllerRef="id38" dir="down" function="exit" id="id55" name="69P2" ocpStationRef="id36" pos="100.0" ruleCode="NOR:TJN:§8-11" switchable="true" type="main"/>
            <signal absPos="5190.0" code="SA-SIG-005457" dir="up" function="other:end" id="id118" name="71" ocpStationRef="id36" pos="690.0" ruleCode="NOR:TJN:66" switchable="false" type="main" virtual="false"/>
          </signals>
          <trainDetectionElements>
            <trackCircuitBorder absPos="4600.0" id="id93" pos="100.0"/>
          </trainDetectionElements>
          <balises>
            <balise absPos="4600.0" dir="down" id="id78-A" name="A" pos="100.0"/>
            <balise absPos="4600.0" dir="down" id="id78-B" name="B" pos="100.0"/>
            <baliseGroup id="id78" type="signal">
              <baliseRef ref="id78-A" sequence="1"/>
              <baliseRef ref="id78-B" sequence="2"/>
            </baliseGroup>
          </balises>
          <stopPosts>
            <stopPost absPos="4810.0" code="KO-SKT-005441" dir="down" id="id71" ocpRef="id36" pos="310.0" trainLength="220.0">
              <validForMovements kind="passengerTrains"/>
            </stopPost>
            <stopPost absPos="5040.0" dir="up" id="id74" ocpRef="id36" pos="540.0" trainLength="220.0">
              <validForMovements kind="passengerTrains"/>
            </stopPost>
          </stopPosts>
        </ocsElements>
      </track>
      <track id="tr29" mainDir="none" name="3" type="sidingTrack">
        <trackTopology>
          <trackBegin id="id29" pos="0.0">
            <openEnd id="oe29"/>
          </trackBegin>
          <trackEnd absPos="4600.0" id="id28" pos="300.0">
            <connection id="c28" ref="c33-28"/>
          </trackEnd>
        </trackTopology>
        <trackElements>
          <speedChanges>
            <speedChange absPos="4300.0" dir="up" id="id108d" pos="0.0" profileRef="spprf4" signalised="false" vMax="40.0"/>
          </speedChanges>
          <gradientChanges>
            <gradientChange absPos="4300.0" id="id155" pos="0.0" slope="2.0"/>
          </gradientChanges>
          <trainProtectionChanges>
            <trainProtectionChange absPos="4300.0" dir="up" id="id166" nor:trainProtectionType="none" pos="0.0"/>
            <trainProtectionChange absPos="4550.0" dir="up" id="id167" nor:trainProtectionType="D-ATC" pos="250.0"/>
          </trainProtectionChanges>
          <electrificationChanges>
            <electrificationChange absPos="4300.0" id="id156" pos="0.0" type="none"/>
            <electrificationChange absPos="4550.0" id="id157" pos="250.0" type="overhead"/>
          </electrificationChanges>
        </trackElements>
        <ocsElements>
          <signals>
            <signal absPos="4300.0" code="unknown" controllerRef="id38" dir="up" function="home" id="id145" name="71C" nor:lamps="1" nor:mounted="pole" nor:side="right" ocpStationRef="id36" pos="0.0" ruleCode="NOR:TJN:§8-16" sigSystem="simplified" sight="200.0" switchable="true" type="main"/>
            <signal absPos="4540.0" code="SA-SIG-005456" controllerRef="id38" dir="up" id="id54" ocpStationRef="id36" pos="240.0" switchable="true" type="shunting"/>
          </signals>
          <trainDetectionElements>
            <trackCircuitBorder absPos="4555.0" id="id97" pos="255.0"/>
          </trainDetectionElements>
          <derailers>
            <derailer absPos="4550.0" derailSide="right" dir="up" id="id52" name="Sp.I" pos="250.0"/>
          </derailers>
        </ocsElements>
      </track>
      <track id="tr32" mainDir="none" name="1" type="secondaryTrack">
        <trackTopology>
          <trackBegin absPos="4600.0" id="id32" pos="0.0">
            <connection id="c33-31" ref="c31"/>
          </trackBegin>
          <trackEnd id="id22" pos="600.0">
            <bufferStop id="id50"/>
          </trackEnd>
          <connections>
            <crossing absPos="4600.0" controllerRef="id38" id="sw33" name="4" nor:clearance="45.0" nor:remoteIndicated="true" nor:remoteOperated="true" normalPosition="straight" pos="0.0" trackContinueCourse="left" type="doubleSwitchCrossing">
              <connection course="right" id="c33-28" maxSpeed="40.0" orientation="incoming" passable="true" ref="c28"/>
              <connection course="straight" id="c33-146" maxSpeed="40.0" orientation="outgoing" passable="true" ref="c146"/>
            </crossing>
          </connections>
          <crossSections>
            <crossSection absPos="4850.0" id="id41" ocpRef="id36" pos="250.0"/>
          </crossSections>
        </trackTopology>
        <trackElements>
          <speedChanges>
            <speedChange absPos="5200.0" dir="down" etcsTrainCategory="5" id="id107a" pos="600.0" profileRef="spprf1" vMax="40.0"/>
            <speedChange absPos="5200.0" dir="down" id="id107d" pos="600.0" profileRef="spprf4" signalised="false" vMax="40.0"/>
          </speedChanges>
          <trainProtectionChanges>
            <trainProtectionChange absPos="5200.0" dir="down" id="id164" nor:trainProtectionType="D-ATC" pos="600.0"/>
          </trainProtectionChanges>
          <platformEdges>
            <platformEdge absPos="4800.0" height="760.0" id="id46" length="250.0" ocpRef="id36" pos="200.0" side="right"/>
          </platformEdges>
        </trackElements>
        <ocsElements>
          <signals>
            <signal absPos="4650.0" code="SA-SIG-005455" controllerRef="id38" dir="down" function="exit" id="id56" name="69P1" ocpStationRef="id36" pos="50.0" ruleCode="NOR:TJN:§8-11" switchable="true" type="main"/>
            <signal absPos="5190.0" code="SA-SIG-005458" dir="up" function="other:end" id="id119" name="73" ocpStationRef="id36" pos="590.0" ruleCode="NOR:TJN:66" switchable="false" type="main" virtual="false"/>
          </signals>
          <trainDetectionElements>
            <trackCircuitBorder absPos="4650.0" id="id95" pos="50.0"/>
          </trainDetectionElements>
          <balises>
            <balise absPos="4650.0" dir="down" id="id79-A" name="A" pos="50.0"/>
            <balise absPos="4650.0" dir="down" id="id79-B" name="B" pos="50.0"/>
            <baliseGroup id="id79" type="signal">
              <baliseRef ref="id79-A" sequence="1"/>
              <baliseRef ref="id79-B" sequence="2"/>
            </baliseGroup>
          </balises>
          <stopPosts>
            <stopPost absPos="4810.0" code="KO-SKT-005442" dir="down" id="id72" ocpRef="id36" pos="210.0" trainLength="220.0">
              <validForMovements kind="passengerTrains"/>
            </stopPost>
            <stopPost absPos="5040.0" dir="up" id="id73" ocpRef="id36" pos="440.0" trainLength="220.0">
              <validForMovements kind="passengerTrains"/>
            </stopPost>
          </stopPosts>
        </ocsElements>
      </track>
      <track id="tr146" name="4" type="sidingTrack">
        <trackTopology>
          <trackBegin absPos="4600.0" id="id146" pos="0.0">
            <connection id="c146" ref="c33-146"/>
          </trackBegin>
          <trackEnd id="id147" pos="200.0">
            <bufferStop id="id150"/>
          </trackEnd>
        </trackTopology>
        <trackElements>
          <speedChanges>
            <speedChange absPos="4800.0" dir="down" etcsTrainCategory="5" id="id154a" pos="200.0" profileRef="spprf1" vMax="40.0"/>
          </speedChanges>
          <trainProtectionChanges>
            <trainProtectionChange absPos="4800.0" dir="down" id="id165" nor:trainProtectionType="D-ATC" pos="200.0"/>
          </trainProtectionChanges>
          <geoMappings>
            <geoMapping id="id149" pos="100.0"/>
          </geoMappings>
        </trackElements>
        <ocsElements>
          <trainDetectionElements>
            <trackCircuitBorder absPos="4650.0" id="id151" pos="50.0"/>
          </trainDetectionElements>
        </ocsElements>
      </track>
    </tracks>
    <trackGroups>
      <line id="li0" name="Enkel eksempel linje">
        <trackRef ref="tr1"/>
        <trackRef ref="tr5"/>
        <trackRef ref="tr9"/>
        <trackRef ref="tr14"/>
        <trackRef ref="tr17"/>
        <trackRef ref="tr21"/>
        <trackRef ref="tr25"/>
        <trackRef ref="tr29"/>
        <trackRef ref="tr32"/>
        <trackRef ref="tr146"/>
      </line>
      <nor:lineSection id="ls0" name="ARN-CST">
        <nor:trackRef ref="tr5"/>
      </nor:lineSection>
    </trackGroups>
    <operationControlPoints>
      <ocp id="id35" name="Arnau">
        <nor:propOperationalAdditional simultaneousEntry="standard"/>
        <propOperational operationalType="station" trafficType="passenger"/>
        <propService airport="true" passenger="true"/>
        <propEquipment>
          <trackRef ref="tr1"/>
          <trackRef ref="tr17"/>
          <trackRef ref="tr14"/>
        </propEquipment>
        <geoCoord coord="60.0 10.0"/>
        <designator entry="ARN" register="SJN"/>
      </ocp>
      <ocp id="id36" name="Cstadt">
        <nor:propOperationalAdditional remoteControlled="false" simultaneousEntry="none"/>
        <propOperational operationalType="station" trafficType="passenger"/>
        <propEquipment>
          <trackRef ref="tr32"/>
          <trackRef ref="tr146"/>
          <trackRef ref="tr21"/>
          <trackRef ref="tr9"/>
          <trackRef ref="tr25"/>
          <trackRef ref="tr29"/>
        </propEquipment>
        <geoCoord coord="60.0 11.0"/>
        <designator entry="CST" register="SJN"/>
      </ocp>
    </operationControlPoints>
    <controllers>
      <controller id="id37" model="Thales L90 5" name="Arnau" nor:routeSetTime="PT7S" nor:typicalThrowTime="PT6S" technologyType="electronic">
        <ocpRef ref="id35"/>
      </controller>
      <controller id="id38" model="NSI-63" name="Cstadt" nor:routeSetTime="PT5S" nor:typicalThrowTime="PT5S" technologyType="electrical">
        <ocpRef ref="id36"/>
      </controller>
    </controllers>
    <speedProfiles>
      <speedProfile id="spprf1" influence="increasing" name="basis"/>
      <speedProfile id="spprf2" influence="increasing" name="nor:pluss"/>
      <speedProfile id="spprf3" influence="increasing" name="nor:krenge"/>
      <speedProfile id="spprf4" influence="decreasing" name="nor:local" verbalConstraint="SJN defined condition"/>
      <speedProfile id="spprf5" influence="decreasing" name="nor:temporary"/>
      <speedProfile id="spprf6" influence="decreasing" name="nor:conditional" verbalConstraint="SJN defined condition"/>
      <speedProfile id="spprf7" influence="decreasing" name="nor:avalanche" verbalConstraint="SJN defined condition"/>
    </speedProfiles>
  </infrastructure>
  <infrastructureVisualizations>
    <visualization id="vis0" infrastructureRef="inf0" version="2.4">
      <lineVis ref="li0">
        <trackVis ref="tr1">
          <trackElementVis ref="id1">
            <position x="390.0" y="-450.0"/>
          </trackElementVis>
          <trackElementVis ref="id47">
            <position x="390.0" y="-450.0"/>
          </trackElementVis>
          <trackElementVis ref="id63">
            <position x="390.0" y="-450.0"/>
          </trackElementVis>
          <trackElementVis ref="id101a">
            <position x="390.0" y="-450.0"/>
          </trackElementVis>
          <trackElementVis ref="id122">
            <position x="390.0" y="-450.0"/>
          </trackElementVis>
          <trackElementVis ref="id124">
            <position x="390.0" y="-450.0"/>
          </trackElementVis>
          <trackElementVis ref="id128">
            <position x="390.0" y="-450.0"/>
          </trackElementVis>
          <trackElementVis ref="id43">
            <position x="414.0" y="-450.0"/>
          </trackElementVis>
          <trackElementVis ref="id67">
            <position x="418.0" y="-450.0"/>
          </trackElementVis>
          <trackElementVis ref="id40">
            <position x="430.0" y="-450.0"/>
          </trackElementVis>
          <trackElementVis ref="id70">
            <position x="462.0" y="-450.0"/>
          </trackElementVis>
          <trackElementVis ref="id61">
            <position x="480.0" y="-450.0"/>
          </trackElementVis>
          <trackElementVis ref="id84">
            <position x="480.0" y="-450.0"/>
          </trackElementVis>
          <trackElementVis ref="id62">
            <position x="490.0" y="-450.0"/>
          </trackElementVis>
          <trackElementVis ref="id160">
            <position x="490.0" y="-450.0"/>
          </trackElementVis>
          <trackElementVis ref="id16">
            <position x="500.0" y="-450.0"/>
          </trackElementVis>
          <trackElementVis ref="c16">
            <position x="500.0" y="-450.0"/>
          </trackElementVis>
        </trackVis>
        <trackVis ref="tr5">
          <trackElementVis ref="id5">
            <position x="580.0" y="-450.0"/>
          </trackElementVis>
          <trackElementVis ref="c5">
            <position x="580.0" y="-450.0"/>
          </trackElementVis>
          <trackElementVis ref="id57">
            <position x="580.0" y="-450.0"/>
          </trackElementVis>
          <trackElementVis ref="id58">
            <position x="580.0" y="-450.0"/>
          </trackElementVis>
          <trackElementVis ref="id87">
            <position x="580.0" y="-450.0"/>
          </trackElementVis>
          <trackElementVis ref="id65">
            <position x="586.5" y="-450.0"/>
          </trackElementVis>
          <trackElementVis ref="id139e">
            <position x="608.5" y="-450.0"/>
          </trackElementVis>
          <trackElementVis ref="id138">
            <position x="610.5" y="-450.0"/>
          </trackElementVis>
          <trackElementVis ref="id140e">
            <position x="617.0" y="-450.0"/>
          </trackElementVis>
          <trackElementVis ref="id66">
            <position x="641.6" y="-450.0"/>
          </trackElementVis>
          <trackElementVis ref="id126">
            <position x="641.6" y="-450.0"/>
          </trackElementVis>
          <trackElementVis ref="id103a">
            <position x="674.1" y="-450.0"/>
          </trackElementVis>
          <trackElementVis ref="id103b">
            <position x="674.1" y="-450.0"/>
          </trackElementVis>
          <trackElementVis ref="id103c">
            <position x="674.1" y="-450.0"/>
          </trackElementVis>
          <trackElementVis ref="id136">
            <position x="680.0" y="-450.0"/>
          </trackElementVis>
          <trackElementVis ref="id80">
            <position x="680.5" y="-450.0"/>
          </trackElementVis>
          <trackElementVis ref="id137">
            <position x="681.2" y="-450.0"/>
          </trackElementVis>
          <trackElementVis ref="id104a">
            <position x="683.8" y="-450.0"/>
          </trackElementVis>
          <trackElementVis ref="id132">
            <position x="700.0" y="-450.0"/>
          </trackElementVis>
          <trackElementVis ref="id99">
            <position x="700.0" y="-450.0"/>
          </trackElementVis>
          <trackElementVis ref="id142g">
            <position x="727.6" y="-450.0"/>
          </trackElementVis>
          <trackElementVis ref="id141g">
            <position x="737.0" y="-450.0"/>
          </trackElementVis>
          <trackElementVis ref="id75">
            <position x="741.4" y="-450.0"/>
          </trackElementVis>
          <trackElementVis ref="id76-dummy">
            <position x="741.4" y="-450.0"/>
          </trackElementVis>
          <trackElementVis ref="id170">
            <position x="753.6" y="-450.0"/>
          </trackElementVis>
          <trackElementVis ref="id143f">
            <position x="755.2" y="-450.0"/>
          </trackElementVis>
          <trackElementVis ref="id144f">
            <position x="766.2" y="-450.0"/>
          </trackElementVis>
          <trackElementVis ref="id8">
            <position x="780.0" y="-450.0"/>
          </trackElementVis>
          <trackElementVis ref="c8">
            <position x="780.0" y="-450.0"/>
          </trackElementVis>
        </trackVis>
        <trackVis ref="tr9">
          <trackElementVis ref="id9">
            <position x="780.0" y="-450.0"/>
          </trackElementVis>
          <trackElementVis ref="c9">
            <position x="780.0" y="-450.0"/>
          </trackElementVis>
          <trackElementVis ref="id53">
            <position x="780.0" y="-450.0"/>
          </trackElementVis>
          <trackElementVis ref="id77-A">
            <position x="780.0" y="-450.0"/>
          </trackElementVis>
          <trackElementVis ref="id77-B">
            <position x="780.0" y="-450.0"/>
          </trackElementVis>
          <trackElementVis ref="id89">
            <position x="780.0" y="-450.0"/>
          </trackElementVis>
          <trackElementVis ref="id105a">
            <position x="800.0" y="-450.0"/>
          </trackElementVis>
          <trackElementVis ref="id105d">
            <position x="800.0" y="-450.0"/>
          </trackElementVis>
          <trackElementVis ref="id91">
            <position x="819.0" y="-450.0"/>
          </trackElementVis>
          <trackElementVis ref="id24">
            <position x="820.0" y="-450.0"/>
          </trackElementVis>
          <trackElementVis ref="c24">
            <position x="820.0" y="-450.0"/>
          </trackElementVis>
        </trackVis>
        <trackVis ref="tr14">
          <trackElementVis ref="id14">
            <position x="390.0" y="-470.0"/>
          </trackElementVis>
          <trackElementVis ref="id48">
            <position x="390.0" y="-470.0"/>
          </trackElementVis>
          <trackElementVis ref="id64">
            <position x="390.0" y="-470.0"/>
          </trackElementVis>
          <trackElementVis ref="id100a">
            <position x="390.0" y="-470.0"/>
          </trackElementVis>
          <trackElementVis ref="id123">
            <position x="390.0" y="-470.0"/>
          </trackElementVis>
          <trackElementVis ref="id125">
            <position x="390.0" y="-470.0"/>
          </trackElementVis>
          <trackElementVis ref="id127">
            <position x="390.0" y="-470.0"/>
          </trackElementVis>
          <trackElementVis ref="id44">
            <position x="414.5" y="-470.0"/>
          </trackElementVis>
          <trackElementVis ref="id69">
            <position x="416.2" y="-470.0"/>
          </trackElementVis>
          <trackElementVis ref="id39">
            <position x="422.7" y="-470.0"/>
          </trackElementVis>
          <trackElementVis ref="id68">
            <position x="437.5" y="-470.0"/>
          </trackElementVis>
          <trackElementVis ref="id60">
            <position x="480.0" y="-470.0"/>
          </trackElementVis>
          <trackElementVis ref="id81">
            <position x="480.0" y="-470.0"/>
          </trackElementVis>
          <trackElementVis ref="id129">
            <position x="480.0" y="-470.0"/>
          </trackElementVis>
          <trackElementVis ref="id59">
            <position x="498.2" y="-451.8"/>
          </trackElementVis>
          <trackElementVis ref="id158">
            <position x="498.2" y="-451.8"/>
          </trackElementVis>
          <trackElementVis ref="id13">
            <position x="500.0" y="-450.0"/>
          </trackElementVis>
          <trackElementVis ref="c13">
            <position x="500.0" y="-450.0"/>
          </trackElementVis>
        </trackVis>
        <trackVis ref="tr17">
          <trackElementVis ref="id17">
            <position x="500.0" y="-450.0"/>
          </trackElementVis>
          <trackElementVis ref="c18-16">
            <position x="500.0" y="-450.0"/>
          </trackElementVis>
          <trackElementVis ref="sw18">
            <position x="500.0" y="-450.0"/>
          </trackElementVis>
          <trackElementVis ref="c18-13">
            <position x="500.0" y="-450.0"/>
          </trackElementVis>
          <trackElementVis ref="id86">
            <position x="501.0" y="-450.0"/>
          </trackElementVis>
          <trackElementVis ref="id102a">
            <position x="550.0" y="-450.0"/>
          </trackElementVis>
          <trackElementVis ref="id102b">
            <position x="550.0" y="-450.0"/>
          </trackElementVis>
          <trackElementVis ref="id102c">
            <position x="550.0" y="-450.0"/>
          </trackElementVis>
          <trackElementVis ref="id4">
            <position x="580.0" y="-450.0"/>
          </trackElementVis>
          <trackElementVis ref="c4">
            <position x="580.0" y="-450.0"/>
          </trackElementVis>
        </trackVis>
        <trackVis ref="tr21">
          <trackElementVis ref="id21">
            <position x="820.0" y="-450.0"/>
          </trackElementVis>
          <trackElementVis ref="c21">
            <position x="820.0" y="-450.0"/>
          </trackElementVis>
          <trackElementVis ref="id134">
            <position x="830.0" y="-460.0"/>
          </trackElementVis>
          <trackElementVis ref="id31">
            <position x="840.0" y="-470.0"/>
          </trackElementVis>
          <trackElementVis ref="c31">
            <position x="840.0" y="-470.0"/>
          </trackElementVis>
        </trackVis>
        <trackVis ref="tr25">
          <trackElementVis ref="id25">
            <position x="820.0" y="-450.0"/>
          </trackElementVis>
          <trackElementVis ref="c26-24">
            <position x="820.0" y="-450.0"/>
          </trackElementVis>
          <trackElementVis ref="sw26">
            <position x="820.0" y="-450.0"/>
          </trackElementVis>
          <trackElementVis ref="c26-21">
            <position x="820.0" y="-450.0"/>
          </trackElementVis>
          <trackElementVis ref="id55">
            <position x="840.0" y="-450.0"/>
          </trackElementVis>
          <trackElementVis ref="id78-A">
            <position x="840.0" y="-450.0"/>
          </trackElementVis>
          <trackElementVis ref="id78-B">
            <position x="840.0" y="-450.0"/>
          </trackElementVis>
          <trackElementVis ref="id93">
            <position x="840.0" y="-450.0"/>
          </trackElementVis>
          <trackElementVis ref="id45">
            <position x="880.0" y="-450.0"/>
          </trackElementVis>
          <trackElementVis ref="id71">
            <position x="882.0" y="-450.0"/>
          </trackElementVis>
          <trackElementVis ref="id42">
            <position x="890.0" y="-450.0"/>
          </trackElementVis>
          <trackElementVis ref="id74">
            <position x="928.0" y="-450.0"/>
          </trackElementVis>
          <trackElementVis ref="id118">
            <position x="958.0" y="-450.0"/>
          </trackElementVis>
          <trackElementVis ref="id106d">
            <position x="960.0" y="-450.0"/>
          </trackElementVis>
          <trackElementVis ref="id163">
            <position x="960.0" y="-450.0"/>
          </trackElementVis>
          <trackElementVis ref="id2">
            <position x="960.0" y="-450.0"/>
          </trackElementVis>
          <trackElementVis ref="id49">
            <position x="960.0" y="-450.0"/>
          </trackElementVis>
        </trackVis>
        <trackVis ref="tr29">
          <trackElementVis ref="id29">
            <position x="780.0" y="-470.0"/>
          </trackElementVis>
          <trackElementVis ref="oe29">
            <position x="780.0" y="-470.0"/>
          </trackElementVis>
          <trackElementVis ref="id108d">
            <position x="780.0" y="-470.0"/>
          </trackElementVis>
          <trackElementVis ref="id145">
            <position x="780.0" y="-470.0"/>
          </trackElementVis>
          <trackElementVis ref="id155">
            <position x="780.0" y="-470.0"/>
          </trackElementVis>
          <trackElementVis ref="id156">
            <position x="780.0" y="-470.0"/>
          </trackElementVis>
          <trackElementVis ref="id166">
            <position x="780.0" y="-470.0"/>
          </trackElementVis>
          <trackElementVis ref="id54">
            <position x="828.0" y="-470.0"/>
          </trackElementVis>
          <trackElementVis ref="id52">
            <position x="830.0" y="-470.0"/>
          </trackElementVis>
          <trackElementVis ref="id157">
            <position x="830.0" y="-470.0"/>
          </trackElementVis>
          <trackElementVis ref="id167">
            <position x="830.0" y="-470.0"/>
          </trackElementVis>
          <trackElementVis ref="id97">
            <position x="831.0" y="-470.0"/>
          </trackElementVis>
          <trackElementVis ref="id28">
            <position x="840.0" y="-470.0"/>
          </trackElementVis>
          <trackElementVis ref="c28">
            <position x="840.0" y="-470.0"/>
          </trackElementVis>
        </trackVis>
        <trackVis ref="tr32">
          <trackElementVis ref="id32">
            <position x="840.0" y="-470.0"/>
          </trackElementVis>
          <trackElementVis ref="c33-31">
            <position x="840.0" y="-470.0"/>
          </trackElementVis>
          <trackElementVis ref="sw33">
            <position x="840.0" y="-470.0"/>
          </trackElementVis>
          <trackElementVis ref="c33-28">
            <position x="840.0" y="-470.0"/>
          </trackElementVis>
          <trackElementVis ref="c33-146">
            <position x="840.0" y="-470.0"/>
          </trackElementVis>
          <trackElementVis ref="id56">
            <position x="850.0" y="-470.0"/>
          </trackElementVis>
          <trackElementVis ref="id79-A">
            <position x="850.0" y="-470.0"/>
          </trackElementVis>
          <trackElementVis ref="id79-B">
            <position x="850.0" y="-470.0"/>
          </trackElementVis>
          <trackElementVis ref="id95">
            <position x="850.0" y="-470.0"/>
          </trackElementVis>
          <trackElementVis ref="id46">
            <position x="880.0" y="-470.0"/>
          </trackElementVis>
          <trackElementVis ref="id72">
            <position x="882.0" y="-470.0"/>
          </trackElementVis>
          <trackElementVis ref="id41">
            <position x="890.0" y="-470.0"/>
          </trackElementVis>
          <trackElementVis ref="id73">
            <position x="928.0" y="-470.0"/>
          </trackElementVis>
          <trackElementVis ref="id119">
            <position x="958.0" y="-470.0"/>
          </trackElementVis>
          <trackElementVis ref="id107a">
            <position x="960.0" y="-470.0"/>
          </trackElementVis>
          <trackElementVis ref="id107d">
            <position x="960.0" y="-470.0"/>
          </trackElementVis>
          <trackElementVis ref="id164">
            <position x="960.0" y="-470.0"/>
          </trackElementVis>
          <trackElementVis ref="id22">
            <position x="960.0" y="-470.0"/>
          </trackElementVis>
          <trackElementVis ref="id50">
            <position x="960.0" y="-470.0"/>
          </trackElementVis>
        </trackVis>
        <trackVis ref="tr146">
          <trackElementVis ref="id146">
            <position x="840.0" y="-470.0"/>
          </trackElementVis>
          <trackElementVis ref="c146">
            <position x="840.0" y="-470.0"/>
          </trackElementVis>
          <trackElementVis ref="id151">
            <position x="845.0" y="-475.0"/>
          </trackElementVis>
          <trackElementVis ref="id149">
            <position x="860.0" y="-490.0"/>
          </trackElementVis>
          <trackElementVis ref="id154a">
            <position x="880.0" y="-490.0"/>
          </trackElementVis>
          <trackElementVis ref="id165">
            <position x="880.0" y="-490.0"/>
          </trackElementVis>
          <trackElementVis ref="id147">
            <position x="880.0" y="-490.0"/>
          </trackElementVis>
          <trackElementVis ref="id150">
            <position x="880.0" y="-490.0"/>
          </trackElementVis>
        </trackVis>
      </lineVis>
      <ocpVis ref="id35">
        <position x="430.0" y="-490.0"/>
      </ocpVis>
      <ocpVis ref="id36">
        <position x="890.0" y="-490.0"/>
      </ocpVis>
      <ocpVis ref="id37">
        <position x="450.0" y="-490.0"/>
      </ocpVis>
      <ocpVis ref="id38">
        <position x="910.0" y="-490.0"/>
      </ocpVis>
    </visualization>
  </infrastructureVisualizations>
</railml>
